"","decimalLongitude","decimalLatitude","mon_1","mon_2","mon_3","mon_4","mon_5","mon_6","mon_7","mon_8","mon_9","mon_10","mon_11","mon_12"
"1",129.315755491286,28.2884764184446,135,138,154,179,207,236,263,262,250,222,189,154
"2",125.324170378654,24.7693488085408,184,187,203,225,248,272,286,283,273,254,229,199
"3",128.268920235227,26.7138428692411,165,166,183,205,231,259,281,280,269,245,215,182
"4",123.817149942696,24.3360741984004,174,178,193,215,239,260,272,270,259,240,216,188
"5",123.78257605026,24.3247422919472,181,186,201,224,247,269,281,279,268,249,225,195
"6",123.819405675847,24.316396472311,171,176,190,212,236,257,269,267,256,237,214,185
"7",124.183457669982,24.4281165093356,171,175,190,211,235,257,269,267,257,238,214,185
