"","decimalLongitude","decimalLatitude","mon_1","mon_2","mon_3","mon_4","mon_5","mon_6","mon_7","mon_8","mon_9","mon_10","mon_11","mon_12"
"1",128.162684443047,26.6678779142598,164,165,181,204,230,258,280,278,268,244,214,181
"2",128.043330792138,26.6161704254496,166,167,184,207,232,260,282,280,270,246,216,183
"3",123.795973810406,24.3632366775172,183,187,202,225,250,271,284,281,270,251,227,197
"4",124.17559257738,24.4072925135129,184,188,203,226,249,271,284,282,271,252,228,198
