,decimalLatitude,decimalLongitude
1,23.68944,120.90722
2,24.6213,120.80412
3,23.66451,120.7704
4,24.01805,121.36916
