"","decimalLongitude","decimalLatitude","key","bio_1","bio_2","bio_3","bio_4","bio_5","bio_6","bio_7","bio_8","bio_9","bio_10","bio_11","bio_12","bio_13","bio_14","bio_15","bio_16","bio_17","bio_18","bio_19"
"1",121.44,24.37,"1085982120",51,47,299,3792,131,-27,158,91,2,101,0,2742,377,128,36,1048,396,818,470
"2",121.296111,24.434444,"622279824",73,47,288,4005,154,-10,164,114,20,125,18,2715,350,119,33,1017,375,871,484
"3",121.289167,24.420556,"622279825",84,48,285,4074,167,0,167,120,30,137,28,2544,341,95,42,967,299,941,392
"4",121.289167,24.420556,"622279826",84,48,285,4074,167,0,167,120,30,137,28,2544,341,95,42,967,299,941,392
"5",121.289167,24.420556,"622279827",84,48,285,4074,167,0,167,120,30,137,28,2544,341,95,42,967,299,941,392
"6",121.289167,24.420556,"622279828",84,48,285,4074,167,0,167,120,30,137,28,2544,341,95,42,967,299,941,392
"7",124.983333,8.266666,"2513516092",232,52,674,498,274,197,77,233,238,241,225,2296,245,127,24,730,384,545,462
