"","decimalLongitude","decimalLatitude","key","bio_1","bio_2","bio_3","bio_4","bio_5","bio_6","bio_7","bio_8","bio_9","bio_10","bio_11","bio_12","bio_13","bio_14","bio_15","bio_16","bio_17","bio_18","bio_19"
"1",120.98,23.83,"2417367775",141,56,315,4096,225,47,178,179,103,192,83,3542,652,67,71,1792,206,1738,247
"2",120.96,24.8,"2417615726",221,33,182,5104,308,126,181,263,178,287,148,1687,236,61,41,701,186,506,361
"3",120.29742,23.174894,"1303790663",239,39,251,3908,306,152,154,285,203,285,181,1763,413,17,96,1143,53,1143,69
"4",116.420102,25.049515,"1303790527",210,75,282,6332,327,60,267,264,144,289,117,1310,216,30,56,625,92,425,117
"5",121.559835,25.091075,"1303790609",221,31,172,5038,308,131,178,275,154,288,151,2543,306,142,27,874,438,791,482
